metric,direction,n_pairs,gs_mean,ts_mean,gs_median,ts_median,mean_diff_gs_minus_ts,median_diff_gs_minus_ts,gs_better_ratio,ts_better_ratio,ties_ratio,wilcoxon_stat,wilcoxon_pvalue,better_method_by_mean
solidity,higher_better,914,0.9774660343250215,0.9807270373000171,0.9874328338905443,0.985674463329744,-0.0032610029749954045,0.0007313647180345328,0.5470459518599562,0.45295404814004375,0.0,184177.0,0.0018143139003277135,TongueSAM
hole_ratio,lower_better,914,0.006234461654545239,0.0015603551112345073,0.0,5.2702502222409294e-05,0.004674106543310731,0.0,0.4562363238512035,0.19693654266958424,0.34682713347921224,101919.0,9.829860676143918e-26,TongueSAM
border_touch_ratio,lower_better,914,0.04879138821816244,0.16658792676398243,0.037948100622821807,0.15369706101008662,-0.11779653854581996,-0.1113961549130868,0.9442013129102844,0.05579868708971553,0.0,11284.0,1.6361542913876894e-135,GroundedSAM
norm_perimeter,lower_better,914,4.078793045570876,4.498885269385281,3.94080074194372,4.372393222454975,-0.4200922238144033,-0.40529852257073307,0.936542669584245,0.06345733041575492,0.0,27678.0,2.700569976504986e-114,GroundedSAM
boundary_roughness,lower_better,914,0.002799982783322239,0.0045898695965594545,0.002472509963183856,0.004106640047864469,-0.0017898868132372148,-0.0015306932798958162,0.9431072210065645,0.05689277899343545,0.0,17029.0,7.198838191154912e-128,GroundedSAM
fourier_hf_energy,lower_better,914,0.001301299042871294,0.001873230999940925,0.0005672687878537104,0.0008493727866730274,-0.0005719319570696309,-0.00018120100199068873,0.5886214442013129,0.4113785557986871,0.0,157263.0,8.565148156964023e-11,GroundedSAM
symmetry,higher_better,914,0.8860289941650356,0.8785592954632431,0.9053793173672868,0.8893413099544578,0.0074696987017924005,0.007724113857199233,0.5853391684901532,0.41466083150984684,0.0,153765.0,4.253649985846989e-12,GroundedSAM
width_smoothness,lower_better,914,0.00032855089903178553,0.00048152080903271694,0.00021175320563951607,0.0003898465779433384,-0.0001529699100009314,-0.00016865096780716582,0.7483588621444202,0.25164113785557984,0.0,99449.0,6.5168866023073546e-43,GroundedSAM
composite_quality,higher_better,914,0.948138771870722,0.9018409186974862,0.9575967734347826,0.9077736888877104,0.04629785317323604,0.04700687497270589,0.9485776805251641,0.05142231947483589,0.0,23396.0,1.1639809143954178e-119,GroundedSAM
